Region,Scenario,Percentile,Year,SLR,Return_Period,Exceedance_Probability,Exposed_Buildings,Damaged_Buildings,Exposed_Residential_Buildings,Exposed_Nonresidential_Buildings,Building_Loss,Residential_Building_Loss,Nonresidential_Building_Loss,Exposed_Building_Value,Exposed_Population,Exposed_Households,Exposed_Road_km,Road_Loss,Exposed_Road_Value,Infrastructure_Loss,Exposed_Infrastructure_Value,Exposed_Infrastructure,Crop_Loss,Total_Crop_Value,Exposed_Evacuation_Centres,Exposed_Health_Facilties,Exposed_Schools,Total_Exposed_Value,Total_Loss,Depth.range_<_0_5.Buildings,Depth.range_<_0_5.Population,Depth.range_0_5_1_0.Buildings,Depth.range_0_5_1_0.Population,Depth.range_1_0_1_5.Buildings,Depth.range_1_0_1_5.Population,Depth.range_1_5_2_0.Buildings,Depth.range_1_5_2_0.Population,Depth.range_2_0_+.Buildings,Depth.range_2_0_+.Population
National,ssp245 (medium confidence),50,2020,0.055,1,0.6321,725,42,403,322,5448,2593,2855,38079743,13456,0,15.26,72417,1508080,450905,5691995,48,28922,338460,2,0,3,45618278,557691,718,12306,7,1150,0,0,0,0,0,0
National,ssp245 (medium confidence),50,2020,0.055,5,0.1813,14444,13157,8612,5832,62073790,38521226,23552564,1007229418,39942,0,264.39,11668518,56554231,15140057,59489731,611,1496927,1786736,14,0,41,1125060115,90379292,1757,3478,2480,3354,4370,5062,5160,16017,677,12031
National,ssp245 (medium confidence),50,2020,0.055,10,0.0952,15294,13874,9076,6218,95986528,60768997,35217531,1040464848,41590,0,280.39,13369727,59656102,17554549,59489731,611,1597287,1913608,17,0,42,1161524288,128508091,1866,4144,2044,2567,2952,4946,6300,8021,2132,21912
National,ssp245 (medium confidence),50,2020,0.055,25,0.0392,16358,14777,9672,6686,163279247,106197315,57081932,1089423885,43613,0,299.38,15473072,63546904,20174129,59614731,612,1718118,2060172,17,0,44,1214645692,200644565,2101,4216,1689,3027,2330,3875,3692,4696,6546,27799
National,ssp245 (medium confidence),50,2020,0.055,50,0.0198,17111,15493,10085,7026,224078824,147427020,76651805,1123961393,45015,0,311.89,16943597,65587657,21667377,59614731,612,1805281,2159354,18,0,49,1251323135,264495079,2198,4148,1682,3566,2110,3011,2741,4739,8380,29551
National,ssp245 (medium confidence),50,2020,0.055,100,0.01,17732,16092,10422,7310,284623762,188154903,96468859,1149603478,45988,0,323.57,18197499,67479098,22921553,59614731,612,1882019,2227729,19,0,49,1278925035,327624833,2181,3993,1778,3702,1954,2889,2326,4562,9493,30842
National,ssp245 (medium confidence),50,2020,0.055,250,0.004,18511,16849,10822,7689,367566907,242667716,124899192,1179635957,47609,0,338.58,19724556,70636362,24281812,59989731,615,1981540,2334551,19,0,51,1312596600,413554815,2241,4157,1827,3807,1872,3320,2072,3577,10499,32748
National,ssp245 (medium confidence),50,2030,0.104,1,0.6321,772,119,428,344,9279,4571,4708,40061223,13785,0,16.03,93449,1613330,559697,5803583,50,41222,348012,2,0,3,47826148,703647,758,11424,14,2361,0,0,0,0,0,0
National,ssp245 (medium confidence),50,2030,0.104,5,0.1813,14478,13533,8635,5843,67611495,42100138,25511357,1008323734,40014,0,265.29,12045624,56700179,15649996,59489731,611,1523011,1797784,14,0,41,1126311428,96830127,1616,3243,2383,3353,3954,4880,5660,15053,865,13485
National,ssp245 (medium confidence),50,2030,0.104,10,0.0952,15353,14186,9110,6243,104242244,66251645,37990599,1042653888,41660,0,281.41,13723440,59872822,17952557,59489731,611,1622286,1922642,17,0,42,1163939083,137540526,1767,3798,1960,2679,2828,4813,5994,7067,2804,23303
National,ssp245 (medium confidence),50,2030,0.104,25,0.0392,16409,15187,9697,6712,175549358,114483678,61065680,1091015138,43722,0,300.18,15833829,63703630,20501174,59614731,612,1744043,2067972,17,0,44,1216401472,213628404,1982,3899,1665,3308,2256,3451,3437,4872,7069,28192
National,ssp245 (medium confidence),50,2030,0.104,50,0.0198,17168,15888,10115,7053,239486068,157826364,81659704,1125722095,45159,0,312.75,17311654,65715930,21969392,59614731,612,1832844,2166438,18,0,49,1253219194,280599958,2049,3915,1713,3493,2043,3121,2625,4637,8738,29993
National,ssp245 (medium confidence),50,2030,0.104,100,0.01,17784,16505,10445,7339,302044445,199858598,102185847,1151065371,46120,0,324.43,18559401,67603067,23196096,59739731,613,1910372,2233969,19,0,49,1280642139,345710313,2039,3737,1799,3688,1919,2796,2265,4533,9762,31366
National,ssp245 (medium confidence),50,2030,0.104,250,0.004,18563,17274,10850,7713,386362199,254862279,131499920,1181329130,47643,0,339.67,20093227,70883052,24557891,59989731,615,2010794,2346251,19,0,51,1314548164,433024112,2098,3876,1844,3826,1847,3254,2066,3495,10708,33192
National,ssp245 (medium confidence),50,2040,0.158,1,0.6321,1206,119,703,503,19437,11132,8305,61557125,17187,0,21.39,127066,2235349,701117,6282071,61,61778,406276,2,0,4,70480821,909398,1181,14194,25,2993,0,0,0,0,0,0
National,ssp245 (medium confidence),50,2040,0.158,5,0.1813,14819,13533,8801,6018,74529641,46587691,27941950,1019848717,40779,0,272.14,12450954,57967150,16146477,59489731,611,1550900,1857256,16,0,41,1139162854,104677972,1796,3827,2215,2906,3593,5072,6114,12904,1101,16070
National,ssp245 (medium confidence),50,2040,0.158,10,0.0952,15703,14186,9303,6400,114673290,73254831,41418458,1056935046,42644,0,288.43,14113917,61147417,18367843,59489731,611,1649894,1984812,17,0,43,1179557006,148804945,1962,4460,1846,2727,2710,4488,5578,6078,3607,24891
National,ssp245 (medium confidence),50,2040,0.158,25,0.0392,16783,15187,9908,6875,190531871,124602883,65928987,1106721011,44423,0,306.51,16237733,64710294,20847548,59614731,612,1774298,2121626,17,0,45,1233167662,229391450,2158,4020,1674,3714,2194,3051,3168,4928,7589,28710
National,ssp245 (medium confidence),50,2040,0.158,50,0.0198,17522,15888,10295,7227,257764286,170150444,87613841,1140068246,45821,0,319.37,17714655,66781612,22297421,59614731,612,1863963,2211870,19,0,49,1268676459,299640325,2168,4101,1778,3571,1998,3095,2460,4545,9118,30509
National,ssp245 (medium confidence),50,2040,0.158,100,0.01,18194,16505,10665,7529,322088241,213187655,108900586,1165695146,47008,0,331.5,18960447,69148411,23498155,59989731,615,1942591,2292693,19,0,49,1297125981,366489435,2249,4316,1827,3717,1871,2938,2191,4332,10056,31705
National,ssp245 (medium confidence),50,2040,0.158,250,0.004,18928,17274,11056,7872,407385966,268260623,139125342,1197211201,48124,0,346.81,20514728,72506142,24861999,59989731,615,2042913,2392527,19,0,54,1332099600,454805606,2235,3869,1901,3966,1803,3161,2038,3569,10951,33559
National,ssp245 (medium confidence),50,2050,0.228,1,0.6321,1720,265,1036,684,42729,25547,17182,91046871,20072,0,28.51,177518,3023581,881193,6762402,69,91451,508770,4,0,5,101341624,1192890,1667,15581,53,4491,0,0,0,0,0,0
National,ssp245 (medium confidence),50,2050,0.228,5,0.1813,15188,13815,9003,6185,84142416,52856097,31286319,1033372822,41423,0,278.21,12969680,59123514,16769078,59489731,611,1586762,1911236,17,0,42,1153897303,115467935,1908,4200,2093,2628,3286,4888,6437,10826,1464,18881
National,ssp245 (medium confidence),50,2050,0.228,10,0.0952,16045,14526,9477,6568,128943280,82850526,46092753,1071800012,43134,0,294.09,14620912,62171794,18894853,59489731,611,1686314,2031382,17,0,43,1195492919,164145359,2069,4354,1756,2890,2597,4075,5009,5387,4614,26428
National,ssp245 (medium confidence),50,2050,0.228,25,0.0392,17139,15577,10094,7045,210824450,138302241,72522209,1122254228,45150,0,312.11,16761981,65599226,21293424,59614731,612,1814104,2173068,18,0,49,1249641253,250693960,2235,4301,1686,3622,2138,2887,2915,4710,8165,29630
National,ssp245 (medium confidence),50,2050,0.228,50,0.0198,17879,16304,10496,7383,282060762,186503872,95556890,1154042181,46463,0,325.8,18235224,68211292,22711527,59739731,613,1904742,2257628,19,0,49,1284250831,324912255,2256,4239,1803,3782,1926,2834,2359,4440,9535,31168
National,ssp245 (medium confidence),50,2050,0.228,100,0.01,18536,16942,10845,7691,348410023,230573495,117836528,1177943146,47479,0,338.42,19482087,70751059,23891229,59989731,615,1984387,2337281,19,0,51,1311021217,393767726,2301,4194,1862,3742,1826,3272,2153,3672,10394,32599
National,ssp245 (medium confidence),50,2050,0.228,250,0.004,19247,17698,11241,8006,434733731,285573366,149160364,1210835969,48482,0,353.99,21071215,74125305,25258178,59989731,615,2084584,2443029,19,0,56,1347394034,483147707,2277,3811,1943,3786,1756,3224,2067,3486,11204,34175
National,ssp245 (medium confidence),50,2060,0.29,1,0.6321,1910,265,1175,735,76812,46166,30645,103301864,21033,0,30.94,232658,3285540,1038209,7156704,75,121801,538602,4,0,5,114282710,1469479,1808,15269,102,5764,0,0,0,0,0,0
National,ssp245 (medium confidence),50,2060,0.29,5,0.1813,15282,13815,9056,6226,93513261,59007576,34505685,1039017095,41653,0,280.14,13422499,59474635,17292645,59489731,611,1618185,1925014,17,0,42,1159906474,125846590,1776,4087,1993,2540,3088,4868,6436,9144,1989,21014
National,ssp245 (medium confidence),50,2060,0.29,10,0.0952,16165,14526,9544,6621,142576537,92037094,50539443,1075998324,43215,0,295.78,15072652,62433038,19346587,59489731,611,1719456,2047468,17,0,43,1199968561,178715231,1995,3881,1695,3187,2490,3674,4509,5012,5476,27461
National,ssp245 (medium confidence),50,2060,0.29,25,0.0392,17259,15577,10160,7099,229954803,151209014,78745789,1126912460,45369,0,313.99,17229035,65937060,21684189,59614731,612,1850167,2185612,18,0,49,1254649863,270718194,2104,3991,1742,3704,2026,2757,2710,4860,8677,30057
National,ssp245 (medium confidence),50,2060,0.29,50,0.0198,18016,16304,10567,7449,304380951,201490229,102890723,1158743461,46637,0,327.71,18695686,68562918,23063537,59739731,613,1941473,2271732,19,0,49,1289317842,348081647,2156,3886,1858,3970,1818,2815,2317,4257,9867,31709
National,ssp245 (medium confidence),50,2060,0.29,100,0.01,18623,16942,10893,7730,372174099,246115113,126058986,1181474668,47721,0,340.17,19948400,71127866,24241570,59989731,615,2021486,2354083,19,0,51,1314946348,418385555,2135,3760,1912,3930,1770,3440,2145,3321,10661,33270
National,ssp245 (medium confidence),50,2060,0.29,250,0.004,19346,17698,11295,8051,459081898,300833799,158248099,1214565761,48574,0,355.95,21579530,74501557,25611690,59989731,615,2121573,2460349,19,0,56,1351517398,508394691,2104,3392,1964,3847,1792,3356,2015,3373,11471,34606
National,ssp245 (medium confidence),50,2070,0.372,1,0.6321,3055,457,1967,1088,149109,91787,57322,181892378,24778,0,44.03,331478,4958164,1248083,8465607,94,166278,676484,4,0,12,195992634,1894949,2826,17215,229,7563,0,0,0,0,0,0
National,ssp245 (medium confidence),50,2070,0.372,5,0.1813,15686,14167,9280,6406,108003176,68670735,39332441,1054803668,42540,0,288.23,14017226,60938607,17954578,59489731,611,1660061,1990694,17,0,43,1177222700,141635041,1961,4283,1811,2788,2856,4345,6045,6870,3013,24254
National,ssp245 (medium confidence),50,2070,0.372,10,0.0952,16569,14925,9775,6794,162389173,105401430,56987742,1094549270,43978,0,302.45,15672088,63766994,19917902,59614731,612,1764692,2106870,17,0,44,1220037865,199743855,2124,4017,1651,3303,2379,3544,3789,4771,6626,28343
National,ssp245 (medium confidence),50,2070,0.372,25,0.0392,17667,16008,10367,7300,257222239,169584221,87638018,1143621259,46138,0,321.38,17843646,67418503,22190105,59739731,613,1898426,2245084,18,0,49,1273024576,299154415,2184,4098,1794,3783,1934,2857,2540,4667,9215,30733
National,ssp245 (medium confidence),50,2070,0.372,50,0.0198,18458,16712,10812,7646,335038340,221886039,113152301,1173327977,47381,0,335.47,19307670,70300493,23520459,59864731,614,1990574,2324088,19,0,49,1305817289,379857043,2253,4101,1938,3899,1720,3135,2249,3988,10298,32258
National,ssp245 (medium confidence),50,2070,0.372,100,0.01,19030,17351,11129,7901,404078156,266629012,137449145,1201270671,48335,0,348.23,20582263,72909078,24689584,59989731,615,2070028,2417193,19,0,53,1336586673,451420031,2187,3839,2003,3954,1731,3232,2093,3509,11016,33801
National,ssp245 (medium confidence),50,2070,0.372,250,0.004,19785,18129,11541,8244,491239837,320650475,170589362,1235852674,49236,0,364.56,22269246,76639596,26088378,59989731,615,2171493,2526448,20,0,57,1375008449,541768954,2195,3424,2029,3898,1767,3509,1973,3248,11821,35157
National,ssp245 (medium confidence),50,2080,0.458,1,0.6321,4799,791,3179,1620,255146,158434,96712,307107948,27616,0,66.67,482671,8123100,1468339,9482691,110,217809,808030,5,0,15,325521768,2423965,4421,18287,378,9321,0,8,0,0,0,0
National,ssp245 (medium confidence),50,2080,0.458,5,0.1813,16092,14484,9494,6598,125123558,80167380,44956179,1071948320,43094,0,295.07,14642221,62132210,18617950,59489731,611,1705648,2043894,17,0,43,1195614155,160089377,2056,4062,1748,3021,2648,3998,5288,5444,4352,26569
National,ssp245 (medium confidence),50,2080,0.458,10,0.0952,16971,15358,9996,6975,184960917,120594797,64366120,1112038604,45008,0,309.32,16306286,65056278,20490865,59614731,612,1813780,2167576,17,0,46,1238877189,223571848,2200,4416,1674,3497,2215,2927,3325,5187,7557,28981
National,ssp245 (medium confidence),50,2080,0.458,25,0.0392,18119,16414,10629,7490,287461459,189919806,97541653,1160589178,46799,0,329.03,18487020,69058528,22699471,59739731,613,1949533,2283854,19,0,49,1291671291,330597483,2275,4061,1878,4119,1805,2879,2412,4068,9749,31672
National,ssp245 (medium confidence),50,2080,0.458,50,0.0198,18820,17173,11022,7798,368038755,243541763,124496992,1190181202,47984,0,343.15,19956170,71877630,24006747,59989731,615,2041873,2387879,19,0,51,1324436443,414043544,2262,3854,1988,4034,1713,3471,2161,3114,10696,33511
National,ssp245 (medium confidence),50,2080,0.458,100,0.01,19456,17791,11365,8091,437960545,288101017,149859528,1217464205,48805,0,356.61,21274673,74961664,25173069,59989731,615,2120950,2472209,19,0,56,1354887809,486529238,2249,3735,2036,3749,1732,3394,2064,3479,11375,34448
National,ssp245 (medium confidence),50,2080,0.458,250,0.004,20221,18566,11758,8463,524644163,340815776,183828387,1251659586,50289,0,373.55,23009096,79056601,26594112,59989731,615,2224206,2585271,20,0,58,1393291188,576471577,2267,3938,2061,3808,1776,3584,1930,3007,12187,35952
National,ssp245 (medium confidence),50,2090,0.538,1,0.6321,6374,1289,4212,2162,397783,248014,149769,419400331,28699,0,90.18,684799,11713422,1704685,12413074,121,274242,910236,7,0,19,444437064,3061509,5807,17052,561,10854,6,793,0,0,0,0
National,ssp245 (medium confidence),50,2090,0.538,5,0.1813,16483,14873,9717,6766,142793930,92073131,50720799,1087021243,43829,0,300.56,15224341,63222615,19204956,59614731,612,1749643,2100534,17,0,43,1211959122,178972870,2186,4119,1672,3284,2506,3498,4534,5094,5585,27834
National,ssp245 (medium confidence),50,2090,0.538,10,0.0952,17399,15762,10224,7175,207864213,135996910,71867302,1129804423,45860,0,316.13,16902820,66564594,21012372,59614731,612,1860337,2219184,18,0,49,1258202932,247639742,2294,4578,1734,3851,2076,2586,3018,4924,8277,29921
National,ssp245 (medium confidence),50,2090,0.538,25,0.0392,18516,16831,10853,7663,316869965,209596223,107273742,1175796579,47456,0,336.54,19086778,70512687,23153156,59739731,613,1997284,2340564,19,0,49,1308389561,361107183,2354,4151,1957,4063,1709,2922,2350,3928,10146,32392
National,ssp245 (medium confidence),50,2090,0.538,50,0.0198,19241,17576,11260,7981,399280950,263726605,135554345,1207473028,48636,0,350.7,20574443,73831805,24452451,59989731,615,2089245,2444033,19,0,53,1343738597,446397089,2333,3993,2052,3875,1691,3711,2122,2970,11043,34087
National,ssp245 (medium confidence),50,2090,0.538,100,0.01,19880,18258,11601,8279,469599234,307877363,161721871,1235582156,49598,0,364.46,21942934,77114964,25644041,59989731,615,2168924,2538116,20,0,57,1375224967,519355134,2341,3972,2049,3757,1782,3617,1965,2948,11743,35304
National,ssp245 (medium confidence),50,2090,0.538,250,0.004,20671,18972,12005,8666,555057208,358685529,196371679,1269571764,50934,0,383.43,23716199,81641496,27046489,59989731,615,2273494,2654039,21,0,58,1413857030,608093389,2374,3973,2086,3691,1818,3687,1895,3336,12498,36247
National,ssp245 (medium confidence),50,2100,0.626,1,0.6321,7474,2009,4940,2534,630770,396343,234427,497001961,29370,0,109.49,987322,15286916,2016615,14323608,143,348978,1008344,7,0,21,527620829,3983685,6571,14170,886,12561,17,2639,0,0,0,0
National,ssp245 (medium confidence),50,2100,0.626,5,0.1813,16855,15315,9916,6939,164080896,106419107,57661789,1105191295,44665,0,306.98,15866160,64601030,19820798,59614731,612,1799415,2153472,17,0,45,1231560528,201567270,2256,4468,1657,3306,2333,3163,3805,4912,6804,28816
National,ssp245 (medium confidence),50,2100,0.626,10,0.0952,17796,16211,10432,7364,235284676,154451640,80833036,1144581300,46343,0,323.04,17565018,67924830,21577458,59739731,613,1911885,2265818,18,0,49,1274511679,276339037,2329,4353,1824,4053,1908,2599,2789,4743,8946,30595
National,ssp245 (medium confidence),50,2100,0.626,25,0.0392,18895,17298,11065,7830,350363519,231784091,118579428,1190780875,48083,0,343.66,19751597,72090599,23642934,59989731,615,2049957,2393598,19,0,51,1325254803,395808007,2354,4174,2040,3816,1653,3458,2238,3250,10610,33385
National,ssp245 (medium confidence),50,2100,0.626,50,0.0198,19643,18042,11479,8164,434054052,285847156,148206896,1223899741,49385,0,358.31,21281621,75895893,24932770,59989731,615,2141094,2498045,19,0,56,1362283410,482409537,2355,4051,2088,3950,1726,3417,2022,3194,11452,34773
National,ssp245 (medium confidence),50,2100,0.626,100,0.01,20270,18650,11804,8466,504256090,329195000,175061090,1253388178,50286,0,373.68,22700937,79401501,26173193,59989731,615,2222634,2597783,20,0,57,1395377193,555352854,2338,3926,2117,3848,1799,3751,1906,2804,12110,35957
National,ssp245 (medium confidence),50,2100,0.626,250,0.004,21063,19370,12215,8848,587389932,377073504,210316428,1286621911,51632,0,392.91,24516245,84465743,27522725,60242856,616,2328100,2712827,21,0,58,1434043337,641757001,2362,3828,2134,3741,1878,4037,1823,3186,12866,36840
National,ssp245 (medium confidence),50,2110,0.715,1,0.6321,8501,5077,5540,2961,1034961,659839,375122,581519240,30659,0,128.48,1381523,19606865,2379065,16021535,167,437346,1096638,10,0,26,618244278,5232895,7116,11961,1334,14518,51,4180,0,0,0,0
National,ssp245 (medium confidence),50,2110,0.715,5,0.1813,17322,16153,10172,7150,187759012,122343874,65415138,1123946722,45729,0,315.05,16519388,66383875,20420689,59614731,612,1850625,2214862,18,0,47,1252160190,226549714,2367,4611,1730,3909,2107,2693,3345,5089,7773,29427
National,ssp245 (medium confidence),50,2110,0.715,10,0.0952,18275,17040,10713,7562,265360372,174700565,90659807,1164414534,46995,0,331.43,18235403,69401041,22126404,59739731,613,1964380,2320706,19,0,49,1295876012,307686559,2430,4144,1919,4145,1768,2891,2622,4136,9536,31679
National,ssp245 (medium confidence),50,2110,0.715,25,0.0392,19362,18183,11328,8034,385165771,254439178,130726594,1209321735,49044,0,352.3,20437621,74481924,24145514,59989731,615,2103243,2470259,19,0,52,1346263649,431852148,2458,4301,2063,3969,1670,3613,2146,2928,11025,34233
National,ssp245 (medium confidence),50,2110,0.715,50,0.0198,20136,18872,11748,8388,469444072,307988726,161455346,1246764574,50062,0,368.81,22032652,78746162,25432627,59989731,615,2193779,2569639,20,0,57,1388070106,519103131,2478,3979,2088,3978,1796,3719,1946,2839,11828,35547
National,ssp245 (medium confidence),50,2110,0.715,100,0.01,20790,19518,12089,8701,538744224,349849568,188894656,1273632513,51275,0,385.28,23490043,82717974,26687459,59989731,615,2277606,2671781,20,0,58,1419011999,591199331,2444,4085,2174,4028,1844,3769,1831,3196,12497,36197
National,ssp245 (medium confidence),50,2110,0.715,250,0.004,21564,20278,12488,9076,618526247,394103203,224423044,1308097393,52155,0,404.13,25346629,87683379,28010991,60367856,617,2384001,2805870,21,0,58,1458954498,674267868,2508,3843,2125,3663,1954,3911,1753,3150,13224,37588
National,ssp245 (medium confidence),50,2120,0.8,1,0.6321,9335,5077,5996,3339,1795583,1161396,634188,668287779,31946,0,146.42,1880164,25189026,2796537,19161104,199,529238,1175316,10,0,28,713813225,7001521,7305,10639,1907,15424,123,5883,0,0,0,0
National,ssp245 (medium confidence),50,2120,0.8,5,0.1813,17834,16153,10458,7376,213542257,139686075,73856183,1145261811,46417,0,323.7,17159771,68094591,20974909,59739731,613,1900017,2281092,18,0,49,1275377225,253576954,2500,4712,1791,4108,1972,2551,3036,4700,8535,30346
National,ssp245 (medium confidence),50,2120,0.8,10,0.0952,18760,17040,10991,7769,296647413,195641819,101005595,1183878494,48047,0,341.11,18884593,71634429,22623268,59864731,614,2015923,2383848,19,0,49,1317761502,340171197,2532,4677,2031,3981,1684,3139,2471,3730,10042,32520
National,ssp245 (medium confidence),50,2120,0.8,25,0.0392,19921,18183,11630,8291,419036274,275981980,143054295,1234788930,49759,0,363.77,21136074,77628006,24612275,59989731,615,2153057,2540325,19,0,56,1374946992,466937679,2612,4247,2104,4106,1749,3627,2025,2837,11431,34942
National,ssp245 (medium confidence),50,2120,0.8,50,0.0198,20661,18872,12037,8624,502953899,328418485,174535414,1267115787,51097,0,381.78,22792271,82467516,25945799,59989731,615,2245364,2649781,20,0,58,1412222815,553937333,2595,4323,2161,3961,1857,3957,1823,2865,12225,35991
National,ssp245 (medium confidence),50,2120,0.8,100,0.01,21299,19518,12356,8943,570157991,367765432,202392559,1293613660,51830,0,397.55,24284692,86376855,27150568,60242856,616,2330540,2756603,21,0,58,1442989974,623923790,2632,4060,2144,3743,1906,3962,1779,3343,12838,36722
National,ssp245 (medium confidence),50,2120,0.8,250,0.004,22062,20278,12775,9287,646471180,408626426,237844755,1327837971,52963,0,416.07,26174467,90861679,28474056,60367856,617,2438605,2909148,21,0,58,1481976654,703558307,2659,4366,2109,3370,1979,3714,1789,3509,13526,38004
National,ssp245 (medium confidence),50,2130,0.883,1,0.6321,9409,5077,6040,3369,2538308,1651151,887157,674184318,32130,0,147.87,2360604,25649933,3199579,19371257,201,618929,1179996,10,0,29,720385504,8717419,6395,7443,2766,16935,248,7752,0,0,0,0
National,ssp245 (medium confidence),50,2130,0.883,5,0.1813,17877,16153,10485,7392,238718837,156620223,82098614,1146802846,46437,0,324.51,17783314,68221712,21515817,59739731,613,1948215,2285772,18,0,49,1277050060,279966183,2212,3942,1906,4191,1803,2801,2807,4276,9149,31227
National,ssp245 (medium confidence),50,2130,0.883,10,0.0952,18815,17040,11014,7801,327198288,216090336,111107952,1185731562,48066,0,341.82,19516619,71915011,23108285,59864731,614,2066229,2391680,19,0,50,1319902983,371889421,2259,4088,2076,4017,1660,3303,2344,3353,10476,33305
National,ssp245 (medium confidence),50,2130,0.883,25,0.0392,19972,18183,11660,8312,452109823,297017892,155091932,1235938090,49809,0,364.7,21815837,77893977,25068053,59989731,615,2201666,2544615,19,0,56,1376366413,501195379,2321,3689,2115,3946,1800,3909,1937,2793,11799,35472
National,ssp245 (medium confidence),50,2130,0.883,50,0.0198,20702,18872,12064,8638,535675260,348367544,187307715,1268612837,51170,0,382.62,23531272,82666535,26446897,59989731,615,2295698,2656117,20,0,58,1413925219,587949126,2257,3829,2200,3904,1944,3947,1717,3165,12584,36325
National,ssp245 (medium confidence),50,2130,0.883,100,0.01,21340,19518,12382,8958,600832610,385259746,215572863,1295268116,51883,0,398.4,25057887,86593510,27602552,60242856,616,2382190,2760535,21,0,58,1444865017,655875238,2320,3584,2122,3715,2010,3932,1724,3304,13164,37348
National,ssp245 (medium confidence),50,2130,0.883,250,0.004,22111,20278,12807,9304,673758585,422807925,250950660,1329886650,52985,0,417.1,26980894,91134099,28926945,60547856,618,2491877,2916980,21,0,58,1484485584,732158301,2336,3797,2133,3353,2036,3851,1772,3579,13834,38405
National,ssp245 (medium confidence),50,2140,0.965,1,0.6321,9988,6695,6353,3635,3799415,2476238,1323177,718918467,33008,0,161.57,2911712,30100095,3693213,23608268,230,706638,1243010,10,0,31,773869839,11110979,5542,5793,4054,17663,392,9544,0,8,0,0
National,ssp245 (medium confidence),50,2140,0.965,5,0.1813,18328,16572,10741,7587,266453874,175292249,91161625,1165347794,47155,0,332.47,18405377,69726728,22031329,59739731,613,1997456,2332438,19,0,49,1297146691,308888036,2315,4153,1955,3864,1726,3108,2652,3900,9680,32130
National,ssp245 (medium confidence),50,2140,0.965,10,0.0952,19287,17498,11270,8017,359012822,237059077,121953744,1203761928,48949,0,349.96,20153278,73923788,23575032,59989731,615,2115268,2458853,19,0,52,1340134300,404856400,2396,4276,2085,4014,1688,3512,2186,2933,10932,34214
National,ssp245 (medium confidence),50,2140,0.965,25,0.0392,20420,18609,11922,8498,484885039,317425813,167459226,1256163224,50709,0,374.72,22532347,80960209,25544710,59989731,615,2250144,2612603,20,0,57,1399725767,535212239,2390,3910,2150,4008,1895,4020,1786,2870,12199,35901
National,ssp245 (medium confidence),50,2140,0.965,50,0.0198,21154,19344,12300,8854,566902759,366611032,200291726,1285702992,51615,0,392.71,24297748,85819533,26901364,59989731,615,2346111,2737461,20,0,58,1434249717,620447982,2392,3712,2172,3696,2004,4079,1699,3435,12887,36693
National,ssp245 (medium confidence),50,2140,0.965,100,0.01,21766,19972,12628,9138,629432940,400788856,228644085,1314889808,52532,0,408.37,25850787,89380642,28058779,60367856,617,2433904,2853156,21,0,58,1467491462,685776410,2404,3810,2132,3604,2031,3770,1734,3387,13465,37961
National,ssp245 (medium confidence),50,2140,0.965,250,0.004,22476,20784,13009,9467,699657466,435768634,263888833,1344939746,53600,0,426.68,27811106,93300588,29381122,60547856,618,2546383,2996112,21,0,58,1501784303,759396077,2324,3431,2166,3781,2064,3768,1780,3615,14142,39005
National,ssp245 (medium confidence),50,2150,1.046,1,0.6321,10563,7853,6661,3902,5398242,3502188,1896054,777459704,33898,0,175.32,3499171,34512523,4211207,26097203,258,791460,1314508,10,0,31,839383938,13900079,4639,5436,5334,16440,584,11072,6,950,0,0
National,ssp245 (medium confidence),50,2150,1.046,5,0.1813,18772,17004,10994,7778,295734115,194946824,100787291,1182715571,48150,0,340.56,19026264,71651833,22521157,59864731,614,2046654,2384660,19,0,49,1316616795,339328191,2392,4485,2058,3851,1664,3355,2495,3458,10163,33001
National,ssp245 (medium confidence),50,2150,1.046,10,0.0952,19722,17937,11527,8195,391206820,257958997,133247823,1222384079,49672,0,359.19,20797647,76489140,24033786,59989731,615,2162859,2517903,19,0,52,1361380853,438201112,2456,3948,2139,4367,1731,3911,2055,2580,11341,34866
National,ssp245 (medium confidence),50,2150,1.046,25,0.0392,20859,19048,12154,8705,517126368,337138140,179988227,1272196201,51257,0,384.86,23268542,83880413,26018776,59989731,615,2299059,2688161,20,0,58,1418754506,568712745,2458,3922,2215,3971,1958,4016,1699,2996,12529,36352
National,ssp245 (medium confidence),50,2150,1.046,50,0.0198,21552,19799,12528,9024,596599201,383374295,213224906,1303296851,52253,0,402.15,25077536,88562743,27342364,59989731,615,2396344,2810647,21,0,58,1454659972,651415445,2462,3822,2140,3661,2067,3913,1688,3670,13195,37187
National,ssp245 (medium confidence),50,2150,1.046,100,0.01,22165,20436,12858,9307,656516950,415005003,241511947,1331918940,53004,0,418.47,26654114,91859896,28502072,60367856,617,2486313,2935408,21,0,58,1487082100,714159448,2422,3677,2170,3677,2052,3758,1776,3640,13745,38252
National,ssp245 (medium confidence),50,2150,1.046,250,0.004,22856,21220,13230,9626,724566006,447941170,276624836,1359029003,54129,0,435.46,28642054,95386513,29820747,60682856,620,2603129,3089219,21,0,58,1518187591,785631936,2324,3470,2200,3648,2098,3703,1819,3676,14415,39632
National,ssp585 (medium confidence),50,2020,0.057,1,0.6321,727,42,405,322,5585,2659,2926,38201451,13517,0,15.3,73263,1512842,455262,5691995,48,29401,338460,2,0,3,45744748,563511,720,12246,7,1271,0,0,0,0,0,0
National,ssp585 (medium confidence),50,2020,0.057,5,0.1813,14445,13157,8612,5833,62297134,38665515,23631619,1007233876,39942,0,264.45,11683978,56559792,15161087,59489731,611,1497995,1787126,14,0,41,1125070525,90640194,1749,3459,2482,3373,4338,5038,5193,15990,683,12082
National,ssp585 (medium confidence),50,2020,0.057,10,0.0952,15302,13874,9081,6221,96319108,60989615,35329494,1040653444,41603,0,280.46,13384201,59675821,17570871,59489731,611,1598308,1914388,17,0,42,1161733383,128872489,1863,4157,2048,2567,2941,4897,6298,8070,2152,21912
National,ssp585 (medium confidence),50,2020,0.057,25,0.0392,16364,14777,9676,6688,163775260,106532283,57242977,1089513127,43620,0,299.43,15487867,63571307,20187524,59614731,612,1719171,2060172,17,0,44,1214759337,201169821,2101,4223,1685,3027,2330,3824,3675,4747,6573,27799
National,ssp585 (medium confidence),50,2020,0.057,50,0.0198,17113,15493,10086,7027,224703416,147848640,76854776,1124292219,45015,0,311.99,16958691,65603151,21679720,59614731,612,1806404,2159354,18,0,49,1251669455,265148231,2195,4148,1672,3547,2116,3030,2736,4739,8394,29551
National,ssp585 (medium confidence),50,2020,0.057,100,0.01,17733,16092,10422,7311,285332027,188631185,96700841,1149617064,45988,0,323.62,18212298,67482679,22932737,59614731,612,1883173,2227729,19,0,49,1278942202,328360235,2174,3939,1778,3756,1955,2866,2324,4556,9502,30871
National,ssp585 (medium confidence),50,2020,0.057,250,0.004,18516,16849,10824,7692,368333039,243165586,125167453,1179759805,47609,0,338.66,19739601,70657995,24293081,59989731,615,1982735,2334551,19,0,51,1312742082,414348457,2238,4124,1828,3798,1872,3341,2072,3598,10506,32748
National,ssp585 (medium confidence),50,2030,0.115,1,0.6321,952,119,545,407,11349,5908,5441,49632908,15553,0,18.02,99935,1849299,587898,5877258,52,45404,374820,2,0,4,57734285,744587,937,13102,15,2451,0,0,0,0,0,0
National,ssp585 (medium confidence),50,2030,0.115,5,0.1813,14633,13533,8719,5914,69020747,43014269,26006478,1014587823,40283,0,268.31,12127832,57275937,15751131,59489731,611,1528684,1821670,14,0,41,1133175161,98428394,1723,3410,2355,3260,3866,4959,5774,14846,915,13808
National,ssp585 (medium confidence),50,2030,0.115,10,0.0952,15505,14186,9187,6318,106367087,67678220,38688867,1050229403,42078,0,284.44,13802422,60411774,18037152,59489731,611,1627902,1951956,17,0,43,1172082865,139834563,1891,4202,1929,2615,2815,4686,5895,7017,2975,23558
National,ssp585 (medium confidence),50,2030,0.115,25,0.0392,16579,15187,9793,6786,178601351,116544997,62056354,1098293920,44055,0,303.13,15915708,64188152,20571732,59614731,612,1750196,2087958,17,0,45,1224184760,216838987,2113,4194,1662,3257,2244,3459,3389,4827,7171,28318
National,ssp585 (medium confidence),50,2030,0.115,50,0.0198,17319,15888,10198,7121,243209409,160336825,82872584,1131183329,45365,0,315.65,17393373,66205490,22036213,59614731,612,1839180,2187984,18,0,49,1259191534,284478175,2151,4101,1729,3398,2033,3166,2582,4666,8824,30034
National,ssp585 (medium confidence),50,2030,0.115,100,0.01,17962,16505,10534,7428,306127440,202573776,103553664,1157826181,46528,0,327.51,18640642,68214479,23257324,59739731,613,1916930,2261397,19,0,49,1288041788,349942336,2179,4133,1802,3643,1908,2839,2252,4529,9821,31384
National,ssp585 (medium confidence),50,2030,0.115,250,0.004,18730,17274,10949,7781,390644818,257591571,133053247,1188894809,47844,0,342.81,20178589,71612942,24619839,59989731,615,2017332,2368187,19,0,52,1322865668,437460579,2214,3969,1869,3920,1828,3152,2058,3551,10761,33252
National,ssp585 (medium confidence),50,2040,0.18,1,0.6321,1232,119,718,514,23575,13805,9770,63425093,17458,0,21.69,140780,2303092,758994,6387148,62,70153,412190,2,0,4,72527523,993502,1200,13898,32,3560,0,0,0,0,0,0
National,ssp585 (medium confidence),50,2040,0.18,5,0.1813,14839,13533,8813,6026,77348145,48415953,28932191,1020480694,40900,0,272.52,12615893,58019720,16348746,59489731,611,1562257,1859596,16,0,41,1139849741,107875041,1736,3855,2173,2796,3485,5138,6247,12057,1198,17054
National,ssp585 (medium confidence),50,2040,0.18,10,0.0952,15728,14186,9316,6412,118922975,76107981,42814994,1058296417,42644,0,288.88,14272840,61210155,18537034,59489731,611,1661137,1986762,17,0,43,1180983065,153393987,1919,4295,1809,2720,2678,4372,5414,5885,3908,25372
National,ssp585 (medium confidence),50,2040,0.18,25,0.0392,16804,15187,9918,6886,196635857,128725522,67910335,1107520005,44451,0,306.79,16402123,64745598,20988663,59614731,612,1786624,2127086,17,0,46,1234007420,235813267,2093,4007,1679,3578,2174,2977,3077,4814,7781,29075
National,ssp585 (medium confidence),50,2040,0.18,50,0.0198,17537,15888,10301,7236,265210967,175171366,90039601,1140390163,45834,0,319.69,17878686,66832079,22431062,59614731,612,1876640,2214600,19,0,49,1269051573,307397355,2105,3992,1766,3595,1978,2972,2416,4639,9272,30636
National,ssp585 (medium confidence),50,2040,0.18,100,0.01,18217,16505,10680,7537,330254232,218618012,111636220,1166289967,47008,0,331.95,19123703,69241189,23621175,59989731,615,1955715,2295423,19,0,49,1297816310,374954825,2197,4059,1824,3672,1848,3155,2192,4104,10156,32018
National,ssp585 (medium confidence),50,2040,0.18,250,0.004,18947,17274,11065,7882,415951204,273719208,142231996,1197792020,48181,0,347.16,20686262,72559707,24985895,59989731,615,2055996,2393697,19,0,54,1332735155,463679356,2172,3783,1913,4007,1783,3125,2050,3581,11029,33685
National,ssp585 (medium confidence),50,2050,0.262,1,0.6321,1875,265,1151,724,61420,36854,24565,99790201,20771,0,30.42,207847,3232120,967638,7156704,75,108096,531064,4,0,5,110710089,1345001,1799,15333,76,5438,0,0,0,0,0,0
National,ssp585 (medium confidence),50,2050,0.262,5,0.1813,15256,13815,9046,6210,89281267,56229489,33051778,1037794484,41516,0,279.78,13218142,59401983,17056195,59489731,611,1603996,1923032,17,0,42,1158609230,121159600,1853,4107,2030,2479,3181,4943,6462,10000,1730,19987
National,ssp585 (medium confidence),50,2050,0.262,10,0.0952,16152,14526,9536,6616,136419582,87888321,48531261,1075679327,43200,0,295.49,14868715,62353069,19142578,59489731,611,1704492,2044348,17,0,43,1199566475,172135366,2056,4073,1743,3159,2508,3886,4746,4986,5099,27096
National,ssp585 (medium confidence),50,2050,0.262,25,0.0392,17233,15577,10146,7087,221315289,145380149,75935140,1125463714,45353,0,313.52,17018179,65862284,21507715,59614731,612,1833880,2180542,18,0,49,1253121271,261675063,2195,4296,1709,3631,2084,2796,2803,4894,8442,29736
National,ssp585 (medium confidence),50,2050,0.262,50,0.0198,18002,16304,10562,7440,294300866,194722197,99578669,1158307871,46637,0,327.36,18487840,68465919,22904565,59739731,613,1924886,2268612,19,0,49,1288782133,337618157,2249,4142,1839,3905,1877,2753,2348,4413,9689,31424
National,ssp585 (medium confidence),50,2050,0.262,100,0.01,18605,16942,10881,7724,361441936,239096318,122345618,1180851823,47668,0,339.84,19737876,71040707,24083352,59989731,615,2004734,2352133,19,0,51,1314234394,407267898,2224,3958,1908,3863,1775,3520,2145,3353,10553,32974
National,ssp585 (medium confidence),50,2050,0.262,250,0.004,19323,17698,11280,8043,448085952,293941991,154143961,1213215769,48574,0,355.51,21350013,74400207,25452039,59989731,615,2104869,2454793,19,0,56,1350060500,496992872,2203,3630,1959,3773,1761,3361,2055,3420,11345,34390
National,ssp585 (medium confidence),50,2060,0.35,1,0.6321,2963,457,1899,1064,128698,78864,49835,176055680,24623,0,42.96,303678,4820751,1191671,8422677,93,154180,670960,4,0,12,189970068,1778226,2768,17573,195,7050,0,0,0,0,0,0
National,ssp585 (medium confidence),50,2060,0.35,5,0.1813,15655,14167,9274,6381,104037527,66021268,38016260,1053662863,42490,0,287.8,13857722,60879063,17778124,59489731,611,1648812,1985624,17,0,43,1176017280,137322184,1988,4470,1851,2679,2901,4542,6240,7576,2675,23223
National,ssp585 (medium confidence),50,2060,0.35,10,0.0952,16548,14925,9765,6783,157007202,101770626,55236576,1093601862,43969,0,301.96,15511013,63639173,19765597,59614731,612,1752500,2100566,17,0,43,1218956332,194036311,2182,4198,1643,3322,2418,3493,3958,4827,6347,28129
National,ssp585 (medium confidence),50,2060,0.35,25,0.0392,17642,16008,10354,7288,249833327,164605661,85227666,1142009709,46120,0,321.0,17678741,67338884,22054778,59739731,613,1885456,2241964,18,0,49,1271330288,291452300,2253,4313,1765,3699,1966,2860,2577,4802,9081,30446
National,ssp585 (medium confidence),50,2060,0.35,50,0.0198,18432,16712,10798,7634,326770814,216392561,110378254,1172766981,47341,0,334.95,19143256,70186569,23398193,59864731,614,1977379,2319408,19,0,49,1305137688,371289641,2330,4195,1909,4037,1749,2883,2263,4105,10181,32121
National,ssp585 (medium confidence),50,2060,0.35,100,0.01,19008,17351,11119,7889,395500863,261126816,134374047,1200212204,48288,0,347.73,20411445,72811192,24569957,59989731,615,2057021,2412807,19,0,53,1335425933,442539286,2262,3910,1973,4012,1745,3387,2094,3224,10934,33755
National,ssp585 (medium confidence),50,2060,0.35,250,0.004,19761,18129,11527,8234,482613755,315347462,167266293,1235042027,49187,0,363.93,22083283,76487982,25960146,59989731,615,2158060,2522126,20,0,57,1374041866,532815243,2253,3653,2031,3748,1765,3479,1981,3314,11731,34993
National,ssp585 (medium confidence),50,2070,0.457,1,0.6321,4793,791,3175,1618,253766,157569,96197,306473519,27616,0,66.58,480641,8110596,1465786,9482691,110,217185,807250,5,0,15,324874056,2417378,4419,18287,374,9328,0,1,0,0,0,0
National,ssp585 (medium confidence),50,2070,0.457,5,0.1813,16092,14484,9494,6598,124915400,80027301,44888099,1071948320,43094,0,295.07,14634947,62132210,18610384,59489731,611,1705108,2043114,17,0,43,1195613375,159865839,2057,4067,1751,3016,2649,3998,5299,5448,4336,26565
National,ssp585 (medium confidence),50,2070,0.457,10,0.0952,16969,15358,9995,6974,184689848,120412515,64277333,1112018934,45008,0,309.31,16298883,65055088,20484329,59614731,612,1813202,2167576,17,0,46,1238856329,223286262,2201,4424,1674,3489,2217,2927,3325,5187,7552,28981
National,ssp585 (medium confidence),50,2070,0.457,25,0.0392,18118,16414,10629,7489,287102232,189678440,97423792,1160502922,46799,0,329.01,18479544,69056938,22693658,59739731,613,1948937,2283854,19,0,49,1291583445,330224371,2281,4099,1874,4081,1806,2879,2411,4068,9746,31672
National,ssp585 (medium confidence),50,2070,0.457,50,0.0198,18820,17173,11022,7798,367651201,243288935,124362267,1190181202,47984,0,343.14,19948598,71877140,24001046,59989731,615,2041278,2387879,19,0,51,1324435953,413642122,2264,3854,1989,4034,1716,3518,2159,3067,10692,33511
National,ssp585 (medium confidence),50,2070,0.457,100,0.01,19455,17791,11364,8091,437564583,287851548,149713035,1217456234,48805,0,356.6,21266483,74960473,25167358,59989731,615,2120357,2472209,19,0,56,1354878647,486118781,2253,3735,2032,3760,1737,3383,2062,3479,11371,34448
National,ssp585 (medium confidence),50,2070,0.457,250,0.004,20220,18566,11757,8463,524257514,340584465,183673048,1251646685,50261,0,373.49,23000373,79030011,26588206,59989731,615,2223591,2585271,20,0,58,1393251698,576069684,2269,3961,2062,3757,1779,3607,1927,2984,12183,35952
National,ssp585 (medium confidence),50,2080,0.577,1,0.6321,6552,1289,4328,2224,484674,302644,182030,429713257,28829,0,93.13,806973,12228364,1836784,12413074,121,305308,925542,7,0,19,455280237,3433739,5854,15518,689,11474,9,1837,0,0,0,0
National,ssp585 (medium confidence),50,2080,0.577,5,0.1813,16543,14873,9746,6797,151956584,98254039,53702545,1089762977,43852,0,301.49,15508593,63415867,19481301,59614731,612,1771560,2109178,17,0,43,1214902752,188718038,2115,3910,1661,3359,2444,3407,4158,4813,6165,28363
National,ssp585 (medium confidence),50,2080,0.577,10,0.0952,17460,15762,10258,7202,219685756,143947039,75738716,1132241769,45980,0,317.23,17196340,66782579,21265843,59614731,612,1883168,2225456,18,0,49,1260864535,260031106,2183,4404,1755,4065,2030,2444,2887,4895,8605,30172
National,ssp585 (medium confidence),50,2080,0.577,25,0.0392,18584,16831,10893,7691,331567816,219386289,112181527,1178348603,47535,0,337.54,19380419,70685014,23368225,59739731,613,2020582,2352002,19,0,49,1311125350,376337042,2246,3938,2003,4088,1682,3096,2287,3579,10366,32834
National,ssp585 (medium confidence),50,2080,0.577,50,0.0198,19316,17576,11297,8019,414639708,273544409,141095299,1210421572,48779,0,351.87,20882895,74107466,24664128,59989731,615,2112225,2451053,19,0,53,1346969822,462298956,2235,3767,2067,4011,1694,3545,2093,3051,11227,34405
National,ssp585 (medium confidence),50,2080,0.577,100,0.01,19946,18258,11636,8310,485002446,317420705,167581741,1240276008,49660,0,366.06,22276232,77610680,25881238,59989731,615,2192620,2550660,20,0,57,1380427079,535352536,2239,3793,2071,3616,1782,3761,1944,2835,11910,35655
National,ssp585 (medium confidence),50,2080,0.577,250,0.004,20742,18972,12042,8700,569603964,367054837,202549127,1273038002,51042,0,385.13,24068345,82060185,27256204,59989731,615,2297612,2663885,21,0,58,1417751802,623226125,2257,3582,2125,3868,1835,3784,1854,3137,12671,36671
National,ssp585 (medium confidence),50,2090,0.717,1,0.6321,8639,5077,5622,3017,1052858,671640,381218,596490506,30736,0,130.77,1393605,20189435,2389739,16544934,174,439514,1109118,10,0,26,634333993,5275716,7241,12020,1347,14535,51,4181,0,0,0,0
National,ssp585 (medium confidence),50,2090,0.717,5,0.1813,17393,16153,10219,7174,188365677,122751926,65613751,1126234362,45913,0,316.15,16534639,66737654,20433686,59614731,612,1851792,2225034,18,0,48,1254811781,227185794,2434,4790,1729,3914,2102,2688,3337,5017,7791,29504
National,ssp585 (medium confidence),50,2090,0.717,10,0.0952,18349,17040,10764,7585,266096538,175193301,90903237,1167097210,47098,0,332.64,18250839,69622399,22138069,59739731,613,1965597,2329676,19,0,49,1298789016,308451044,2496,4247,1920,4103,1763,2933,2619,4076,9551,31739
National,ssp585 (medium confidence),50,2090,0.717,25,0.0392,19440,18183,11367,8073,385962724,254946067,131016657,1213375043,49189,0,353.62,20454317,74924306,24156496,59989731,615,2104416,2477701,19,0,53,1350766781,432677954,2534,4383,2058,3998,1669,3647,2150,2928,11029,34233
National,ssp585 (medium confidence),50,2090,0.717,50,0.0198,20199,18872,11784,8415,470232538,308469426,161763113,1248691889,50206,0,370.54,22050838,79184239,25444701,59989731,615,2194996,2579389,20,0,57,1390445248,519923074,2529,4123,2094,3978,1793,3719,1949,2839,11834,35547
National,ssp585 (medium confidence),50,2090,0.717,100,0.01,20857,19518,12121,8736,539483371,350271118,189212254,1275567038,51309,0,386.9,23509096,83257097,26698319,59989731,615,2278853,2680003,20,0,58,1421493869,591969639,2504,4070,2171,4054,1846,3779,1828,3181,12508,36225
National,ssp585 (medium confidence),50,2090,0.717,250,0.004,21638,20278,12530,9108,619183775,394444926,224738849,1310166897,52235,0,405.71,25366272,88112052,28021887,60367856,617,2385295,2823420,21,0,58,1461470226,674957228,2576,3923,2127,3663,1950,3900,1751,3161,13234,37588
National,ssp585 (medium confidence),50,2100,0.866,1,0.6321,9403,5077,6037,3366,2386183,1550839,835344,673956469,32117,0,147.68,2262198,25594038,3116453,19161104,199,600558,1179996,10,0,29,719891607,8365393,6629,7994,2556,16678,218,7445,0,0,0,0
National,ssp585 (medium confidence),50,2100,0.866,5,0.1813,17874,16153,10484,7390,233562188,153151783,80410405,1146727658,46437,0,324.43,17655627,68213566,21405028,59739731,613,1938343,2284602,18,0,49,1276965556,274561187,2270,4091,1897,4188,1813,2689,2870,4446,9024,31023
National,ssp585 (medium confidence),50,2100,0.866,10,0.0952,18811,17040,11014,7797,320940880,211902086,109038794,1185558600,48066,0,341.77,19387215,71909060,23008944,59864731,614,2055926,2391680,19,0,50,1319724070,365392965,2326,4248,2062,3938,1645,3270,2395,3539,10383,33071
National,ssp585 (medium confidence),50,2100,0.866,25,0.0392,19969,18183,11659,8310,445335723,292709331,152626392,1235884059,49808,0,364.62,21676614,77873342,24974701,59989731,615,2191710,2543445,19,0,56,1376290577,494178748,2387,3772,2118,4039,1793,3766,1948,2922,11723,35309
National,ssp585 (medium confidence),50,2100,0.866,50,0.0198,20695,18872,12059,8636,528973294,344281592,184691702,1268408318,51140,0,382.56,23379936,82658192,26344262,59989731,615,2285389,2655337,20,0,58,1413711577,580982881,2322,3916,2195,3944,1932,3974,1729,3060,12517,36246
National,ssp585 (medium confidence),50,2100,0.866,100,0.01,21337,19518,12379,8958,594549856,381676573,212873283,1295150295,51883,0,398.31,24899545,86574681,27509977,60242856,616,2371611,2760535,21,0,58,1444728367,649330989,2388,3626,2138,3789,1996,3926,1727,3358,13088,37184
National,ssp585 (medium confidence),50,2100,0.866,250,0.004,22107,20278,12804,9303,668169599,419903281,248266318,1329809130,52985,0,416.94,26815731,91081142,28833611,60367856,617,2480966,2916980,21,0,58,1484175108,726299907,2400,3957,2137,3327,2037,3801,1764,3530,13769,38370
National,ssp585 (medium confidence),50,2110,0.98,1,0.6321,10014,6695,6369,3645,4055334,2643494,1411840,720225383,33039,0,162.15,3016425,30207265,3788095,23608268,230,722640,1244180,10,0,31,775285096,11582495,5272,5475,4322,17617,419,9925,1,22,0,0
National,ssp585 (medium confidence),50,2110,0.98,5,0.1813,18345,16572,10753,7592,271664272,178800769,92863503,1166232244,47183,0,332.66,18519601,69801138,22124727,59739731,613,2006544,2335980,19,0,49,1298109093,314315143,2266,4101,1976,3791,1697,3143,2632,3973,9774,32175
National,ssp585 (medium confidence),50,2110,0.98,10,0.0952,19302,17498,11280,8022,364910620,240931498,123979122,1204549446,49018,0,350.32,20270522,74014098,23659818,59989731,615,2124209,2461225,19,0,52,1341014500,410965169,2346,4020,2092,4155,1701,3646,2146,2761,11017,34436
National,ssp585 (medium confidence),50,2110,0.98,25,0.0392,20428,18609,11925,8503,490885296,321141050,169744246,1256332094,50743,0,375.04,22665628,81043411,25633165,59989731,615,2259034,2613773,20,0,57,1399979010,541443123,2323,3944,2171,3891,1917,4033,1756,2904,12261,35971
National,ssp585 (medium confidence),50,2110,0.98,50,0.0198,21166,19344,12303,8863,572562497,369878156,202684341,1286407837,51615,0,392.97,24439761,85897324,26982556,59989731,615,2355367,2739021,20,0,58,1435033913,626340181,2354,3631,2160,3689,2000,3988,1709,3555,12943,36752
National,ssp585 (medium confidence),50,2110,0.98,100,0.01,21782,19972,12635,9147,634583150,403545610,231037540,1316946339,52548,0,408.59,25997233,89420222,28142699,60367856,617,2443399,2856276,21,0,58,1469590693,691166481,2332,3786,2148,3486,2054,3868,1728,3392,13520,38016
National,ssp585 (medium confidence),50,2110,0.98,250,0.004,22490,20784,13015,9475,704344365,438089264,266255101,1345422034,53600,0,426.95,27964644,93341550,29464544,60547856,618,2556443,2996502,21,0,58,1502307942,764329996,2275,3339,2152,3707,2086,3805,1787,3584,14190,39165
National,ssp585 (medium confidence),50,2120,1.119,1,0.6321,11014,8765,6920,4094,7074108,4556770,2517339,809470128,34416,0,184.79,4051586,37335430,4702083,28422059,284,866037,1356788,11,0,32,876584405,16693814,4025,5331,6118,14176,855,12371,16,2538,0,0
National,ssp585 (medium confidence),50,2120,1.119,5,0.1813,19104,17454,11173,7931,323230819,213309613,109921207,1195406833,48658,0,346.72,19591889,73133491,22947048,59864731,614,2090898,2440232,19,0,50,1330845286,367860654,2431,4497,2096,3988,1655,3300,2347,3260,10575,33613
National,ssp585 (medium confidence),50,2120,1.119,10,0.0952,20075,18395,11734,8341,420507102,276738622,143768479,1237969502,50209,0,366.42,21395685,78713979,24443773,59989731,615,2205261,2561385,19,0,55,1379234597,468551821,2492,3990,2135,4322,1824,3993,1922,2619,11702,35285
National,ssp585 (medium confidence),50,2120,1.119,25,0.0392,21177,19505,12322,8855,545850319,354360643,191489677,1284287777,51469,0,392.12,23950450,86145092,26443716,59989731,615,2343901,2750590,20,0,58,1433173190,598588386,2468,3737,2195,3897,2032,3879,1660,3351,12822,36605
National,ssp585 (medium confidence),50,2120,1.119,50,0.0198,21851,20272,12706,9145,622454801,397563517,224891284,1316284807,52616,0,409.8,25795288,90585522,27743769,60367856,617,2442408,2875936,21,0,58,1470114120,678436265,2410,3567,2180,3797,2083,3944,1724,3384,13454,37924
National,ssp585 (medium confidence),50,2120,1.119,100,0.01,22433,20911,13005,9428,680209520,427145784,253063736,1340610982,53601,0,425.43,27392113,93449600,28899748,60547856,618,2534998,2990199,21,0,58,1497598637,739036378,2354,3664,2173,3607,2112,3901,1800,3677,13994,38752
National,ssp585 (medium confidence),50,2120,1.119,250,0.004,23119,21714,13365,9754,746602606,458555144,288047462,1370277760,54499,0,442.45,29394376,96758106,30213110,60682856,620,2656830,3148269,21,0,58,1530866990,808866921,2241,3205,2206,3500,2140,3787,1873,4052,14659,39955
National,ssp585 (medium confidence),50,2130,1.252,1,0.6321,11739,9476,7294,4445,10859418,6854922,4004495,861304510,35166,0,202.64,5130881,42282027,5751553,34079190,354,995074,1424744,12,0,32,939090471,22736926,3366,4668,6740,10971,1566,14220,67,5307,0,0
National,ssp585 (medium confidence),50,2130,1.252,5,0.1813,19762,17911,11553,8209,375649510,247794160,127855350,1222188153,49832,0,359.63,20650556,76630827,23698729,59989731,615,2169508,2520243,19,0,52,1361328954,422168304,2497,4182,2134,4301,1763,3954,2054,2508,11314,34887
National,ssp585 (medium confidence),50,2130,1.252,10,0.0952,20723,18847,12078,8645,474166243,310465163,163701080,1261717148,50943,0,380.85,22567606,83155078,25177560,59989731,615,2283714,2664991,20,0,57,1407526948,524195123,2514,4039,2210,3837,1937,4026,1744,3119,12318,35922
National,ssp585 (medium confidence),50,2130,1.252,25,0.0392,21690,20004,12616,9074,595999188,383119515,212879673,1306950823,52353,0,406.01,25249694,90048363,27198572,59989731,615,2426954,2856047,20,0,58,1459844964,650874408,2400,3452,2210,3784,2080,4141,1706,3601,13294,37375
National,ssp585 (medium confidence),50,2130,1.252,50,0.0198,22415,20736,13001,9414,667084792,420987874,246096918,1339665995,53573,0,423.25,27145371,93720665,28478909,60492856,618,2531440,2998032,21,0,58,1496877548,725240512,2352,3623,2223,3591,2121,3971,1834,3838,13885,38550
National,ssp585 (medium confidence),50,2130,1.252,100,0.01,22965,21363,13286,9679,721805030,447714862,274090167,1361258881,54202,0,438.16,28772179,96261533,29633524,60682856,620,2630386,3120579,21,0,58,1521323848,782841119,2251,3114,2230,3668,2147,3725,1898,4004,14439,39691
National,ssp585 (medium confidence),50,2130,1.252,250,0.004,23581,22137,13600,9981,785716762,477086883,308629878,1391078390,55274,0,455.76,30789083,99410218,30960897,60932856,622,2760671,3259022,21,0,59,1554680486,850227413,2080,3160,2308,3686,2124,3691,1940,3654,15129,41083
National,ssp585 (medium confidence),50,2140,1.378,1,0.6321,12241,10075,7568,4673,15306908,9500177,5806731,893076429,36070,0,215.29,6211177,45466216,6900520,37248166,390,1107873,1483046,13,0,33,977273857,29526478,2921,4192,6383,7300,2695,16957,242,7621,0,0
National,ssp585 (medium confidence),50,2140,1.378,5,0.1813,20301,18387,11854,8447,426500175,280527198,145972977,1242918903,50338,0,371.21,21702145,80317971,24408620,59989731,615,2242536,2611043,19,0,54,1385837648,474853476,2477,3947,2178,3901,1905,4194,1811,2827,11930,35469
National,ssp585 (medium confidence),50,2140,1.378,10,0.0952,21174,19337,12330,8844,524929602,341575699,183353903,1282740862,51733,0,392.61,23749867,86447733,25903126,59989731,615,2360753,2757415,20,0,58,1431935741,576943349,2419,3686,2213,4106,2078,3980,1659,3303,12805,36658
National,ssp585 (medium confidence),50,2140,1.378,25,0.0392,22179,20464,12878,9301,640614368,407448828,233165541,1329181122,53117,0,416.83,26529140,92753832,27895263,60492856,618,2509826,2949870,21,0,58,1485377680,697548596,2268,3372,2278,3625,2120,3984,1801,3879,13712,38257
National,ssp585 (medium confidence),50,2140,1.378,50,0.0198,22829,21193,13221,9608,707246826,441168334,266078492,1355575813,54103,0,434.25,28454027,95869004,29181615,60672856,619,2621925,3096305,21,0,58,1515213978,767504393,2178,3006,2229,3786,2204,3940,1933,3944,14285,39427
National,ssp585 (medium confidence),50,2140,1.378,100,0.01,23352,21823,13492,9860,759957589,466032856,293924733,1378753177,54944,0,449.1,30089447,98317454,30313185,60807856,621,2727192,3214013,21,0,58,1541092500,823087413,2066,3151,2284,3505,2126,3742,2010,3897,14866,40649
National,ssp585 (medium confidence),50,2140,1.378,250,0.004,23956,22513,13806,10150,821898159,494026257,327871902,1406949760,56007,0,465.83,32134579,101351753,31699085,61182856,624,2863299,3359828,22,0,59,1572844197,888595121,1903,3044,2298,3874,2134,3263,2041,3881,15580,41945
National,ssp585 (medium confidence),50,2150,1.499,1,0.6321,12640,10690,7771,4869,20473759,12521111,7952648,912450072,36500,0,225.75,7273710,48128869,8035563,40693648,430,1204850,1539916,13,0,34,1002812505,36987881,2552,3419,4997,5272,4633,17311,457,10473,1,25
National,ssp585 (medium confidence),50,2150,1.499,5,0.1813,20784,18848,12129,8655,475553229,311395962,164157267,1262975516,51014,0,382.23,22789712,83561440,25072032,59989731,615,2315221,2684165,20,0,57,1409210852,525730194,2387,3657,2236,4099,1983,3865,1692,3197,12486,36196
National,ssp585 (medium confidence),50,2150,1.499,10,0.0952,21587,19804,12563,9024,573007994,370086375,202921620,1299838802,52251,0,403.04,24939741,89409136,26579442,59989731,615,2438171,2845875,20,0,58,1452083543,626965349,2232,3194,2312,3875,2110,4217,1713,3655,13220,37310
National,ssp585 (medium confidence),50,2150,1.499,25,0.0392,22570,20950,13080,9490,680881206,428334044,252547163,1344553031,53885,0,427.14,27783774,94797474,28564670,60492856,618,2596048,3045836,21,0,58,1502889197,739825698,2088,3133,2284,3750,2178,3890,1942,4087,14078,39025
National,ssp585 (medium confidence),50,2150,1.499,50,0.0198,23202,21627,13414,9788,744395983,459181444,285214539,1371699151,54711,0,445.12,29727140,97992238,29835491,60807856,621,2714016,3187072,21,0,58,1533686316,806672630,1988,2967,2329,3729,2159,3630,2010,3992,14716,40393
National,ssp585 (medium confidence),50,2150,1.499,100,0.01,23717,22235,13668,10049,795525298,482821299,312703999,1396482552,55491,0,458.9,31375431,100451228,30990017,61057856,623,2825091,3312447,21,0,59,1561304084,860715837,1886,2855,2302,3752,2170,3451,2025,3909,15334,41524
National,ssp585 (medium confidence),50,2150,1.499,250,0.004,24383,22919,14024,10359,855713070,509716492,345996578,1422973518,56602,0,475.66,33442720,103104381,32372269,61182856,624,2964870,3459921,23,0,59,1590720675,924492929,1853,2990,2236,3267,2149,3590,2090,3721,16055,43034
